{
  "version": 1,
  "author": "Uri Shaked",
  "editor": "wokwi",
  "parts": [
    { "type": "board-esp32-devkit-c-v4", "id": "esp", "top": -144, "left": 129.64, "attrs": {} },
    { "type": "board-cd74hc4067", "id": "mux2", "top": -100.35, "left": -52.91, "attrs": {} },
    {
      "type": "wokwi-ntc-temperature-sensor",
      "id": "ntc1",
      "top": 137,
      "left": -499.8,
      "attrs": {}
    },
    {
      "type": "wokwi-ntc-temperature-sensor",
      "id": "ntc2",
      "top": 213.8,
      "left": -499.8,
      "attrs": {}
    },
    {
      "type": "wokwi-ntc-temperature-sensor",
      "id": "ntc3",
      "top": 290.6,
      "left": -499.8,
      "attrs": {}
    },
    {
      "type": "wokwi-ntc-temperature-sensor",
      "id": "ntc4",
      "top": -170.2,
      "left": -499.8,
      "attrs": {}
    },
    {
      "type": "wokwi-ntc-temperature-sensor",
      "id": "ntc5",
      "top": -93.4,
      "left": -499.8,
      "attrs": {}
    },
    {
      "type": "wokwi-ntc-temperature-sensor",
      "id": "ntc6",
      "top": -16.6,
      "left": -499.8,
      "attrs": {}
    },
    {
      "type": "wokwi-ntc-temperature-sensor",
      "id": "ntc7",
      "top": 60.2,
      "left": -499.8,
      "attrs": {}
    },
    {
      "type": "wokwi-ntc-temperature-sensor",
      "id": "ntc8",
      "top": -247,
      "left": -499.8,
      "attrs": {}
    },
    {
      "type": "wokwi-resistor",
      "id": "r1",
      "top": -226.45,
      "left": -355.2,
      "attrs": { "value": "10000" }
    },
    {
      "type": "wokwi-resistor",
      "id": "r2",
      "top": -149.65,
      "left": -345.6,
      "attrs": { "value": "10000" }
    },
    {
      "type": "wokwi-resistor",
      "id": "r3",
      "top": -72.85,
      "left": -345.6,
      "attrs": { "value": "10000" }
    },
    {
      "type": "wokwi-resistor",
      "id": "r4",
      "top": 3.95,
      "left": -336,
      "attrs": { "value": "10000" }
    },
    {
      "type": "wokwi-resistor",
      "id": "r5",
      "top": 80.75,
      "left": -336,
      "attrs": { "value": "10000" }
    },
    {
      "type": "wokwi-resistor",
      "id": "r6",
      "top": 157.55,
      "left": -336,
      "attrs": { "value": "10000" }
    },
    {
      "type": "wokwi-resistor",
      "id": "r7",
      "top": 234.35,
      "left": -336,
      "attrs": { "value": "10000" }
    },
    {
      "type": "wokwi-resistor",
      "id": "r8",
      "top": 311.15,
      "left": -336,
      "attrs": { "value": "10000" }
    }
  ],
  "connections": [
    [ "esp:TX", "$serialMonitor:RX", "", [] ],
    [ "esp:RX", "$serialMonitor:TX", "", [] ],
    [ "ntc8:OUT", "mux2:I7", "green", [ "h240", "v163.1" ] ],
    [ "ntc4:OUT", "mux2:I6", "green", [ "h230.4", "v-0.1" ] ],
    [ "ntc5:OUT", "mux2:I5", "green", [ "h220.8", "v-0.1" ] ],
    [ "ntc6:OUT", "mux2:I4", "green", [ "h211.2", "v-19.3" ] ],
    [ "ntc7:OUT", "mux2:I3", "green", [ "h220.8", "v-76.9" ] ],
    [ "ntc1:OUT", "mux2:I2", "green", [ "h230.4", "v-38.5" ] ],
    [ "ntc2:OUT", "mux2:I1", "green", [ "h249.6", "v-48.1" ] ],
    [ "ntc3:OUT", "mux2:I0", "green", [ "h268.8", "v-57.7" ] ],
    [ "ntc8:VCC", "ntc4:VCC", "red", [ "h19.2", "v76.8" ] ],
    [ "ntc4:VCC", "ntc5:VCC", "red", [ "h19.2", "v67.2" ] ],
    [ "ntc5:VCC", "ntc6:VCC", "red", [ "h19.2", "v76.8" ] ],
    [ "ntc6:VCC", "ntc7:VCC", "red", [ "h19.2", "v76.8" ] ],
    [ "ntc7:VCC", "ntc1:VCC", "red", [ "h19.2", "v76.8" ] ],
    [ "ntc1:VCC", "ntc2:VCC", "red", [ "h19.2", "v9.6" ] ],
    [ "ntc2:VCC", "ntc3:VCC", "red", [ "h19.2", "v76.8" ] ],
    [ "ntc8:VCC", "mux2:VCC", "red", [ "h384", "v211.2" ] ],
    [ "mux2:GND", "esp:GND.1", "black", [ "h0" ] ],
    [ "mux2:VCC", "esp:3V3", "red", [ "h124.83", "v-115.2" ] ],
    [ "mux2:S0", "esp:15", "green", [ "h105.63", "v86.4", "h0", "v9.6", "h144", "v-38.4" ] ],
    [
      "mux2:S1",
      "esp:2",
      "green",
      [ "h96.03", "v105.6", "h0", "v9.6", "h0", "v0", "h163.2", "v-57.6" ]
    ],
    [ "mux2:EN", "esp:GND.1", "green", [ "h86.43", "v19.2" ] ],
    [ "mux2:S2", "esp:4", "green", [ "h76.83", "v76.8", "h0", "v57.6", "h192", "v-76.8" ] ],
    [ "mux2:COM", "esp:34", "green", [ "v0" ] ],
    [ "ntc8:GND", "r1:1", "black", [ "h0" ] ],
    [ "r1:2", "mux2:GND", "black", [ "v0", "h325.2", "v230.4", "h9.6" ] ],
    [ "ntc4:GND", "r2:1", "black", [ "h0" ] ],
    [ "ntc5:GND", "r3:1", "black", [ "h0" ] ],
    [ "ntc6:GND", "r4:1", "black", [ "h0" ] ],
    [ "ntc7:GND", "r5:1", "black", [ "h0" ] ],
    [ "ntc1:GND", "r6:1", "black", [ "h0" ] ],
    [ "ntc2:GND", "r7:1", "black", [ "h0" ] ],
    [ "ntc3:GND", "r8:1", "black", [ "h0" ] ],
    [ "r8:2", "r7:2", "black", [ "v0" ] ],
    [ "r7:2", "r6:2", "black", [ "v0" ] ],
    [ "r6:2", "r5:2", "black", [ "v0" ] ],
    [ "r5:2", "r4:2", "black", [ "v0" ] ],
    [ "r4:2", "r3:2", "black", [ "v0" ] ],
    [ "r3:2", "r2:2", "black", [ "v0" ] ],
    [ "r2:2", "r1:2", "black", [ "v0" ] ]
  ],
  "dependencies": {}
}